Filtrar por tag,APAGAR (titulo alemao),MANTER (titulo espanhol)
(sem tag),Bücherliebhaber – Handgefertigte 3D-Kaffeetasse,Amante de los Libros – Taza de café 3D hecha a mano
(sem tag),Handgefertigte 3D-Buchtasse Aurora,Taza de Libro Aurora 3D Hecho a Mano
(sem tag),Handgefertigte 3D-Tasse Eterna,Taza Eterna 3D hecha a mano
(sem tag),Handgefertigte 3D-Tasse – Hexen- und Katzendesign,Taza 3D hecha a mano – Diseño de bruja y gato
(sem tag),Handgefertigte Lesetasse – Original,Taza de lectura hecha a mano - Original
(sem tag),Handgefertigte Tasse Luna,Taza artesanal Luna
(sem tag),Handgefertigte Tasse mit 3D-Gitarrendesign,Taza artesanal con diseños de guitarra en 3D
(sem tag),Handgefertigte Zwergen-Tasse mit 3D-Büchern,Taza de enano hecha a mano para libros en 3D
(sem tag),Handgefertigte bunte Buchtasse,Taza de Libro Colorida Hecha a Mano
LAMPS,AURELIA | Glaslampe im Alte-Welt-Stil,AURELIA | LÁMPARA DE VIDRIO DEL MUNDO ANTIGUO
LAMPS,AURELIA | Vintage-Tischlampe im Barockstil,AURELIA | LÁMPARA DE MESA VINTAGE BARROCA
LAMPS,AZURIA | Luxus-Glaslampe in Blau,AZURIA | LÁMPARA DE VIDRIO AZUL LUJOSO
LAMPS,BLUERIS | Klassische Lampe mit Blütenblatt-Schirm,BLUERIS | LÁMPARA CLÁSICA CON SOMBRERO EN FORMA DE PÉTALO
LAMPS,BLUSHEN | Klassische Blumenlampe,BLUSHEN | LÁMPARA GLOW CLÁSICA CON FLORES
LAMPS,CHROMIA | Klassische bunte Tischlampe,CHROMIA | LÁMPARA DE MESA CLÁSICA COLORIDA
LAMPS,FLORENCIA | Lampe aus buntem Hartglas,FLORENCIA | LÁMPARA DE VIDRIO TEMPLADO COLORIDO
LAMPS,FLORINA | Dekorative Buntglaslampe,FLORINA | LÁMPARA DECORATIVA DE VIDRIO COLOREADO
LAMPS,GLASORA | Klassische Buntglaslampe,GLASORA | LÁMPARA CLÁSICA DE VITRALES
LAMPS,IVORYA | Luxus-Tischlampe im Barockstil,IVORYA | LÁMPARA DE MESA BARROCA LUXUOSA
LAMPS,LEAFORA | Retro-Glaslampe in Blattform,LEAFORA | LÁMPARA DE VIDRIO RETRO EN FORMA DE HOJA
LAMPS,LUMORA | Vintage-Lampe mit Ozean-Leuchten,LUMORA | LÁMPARA VINTAGE CON BRILLO OCEÁNICO
LAMPS,MOSAICRA | Elegante Mosaiklampe,MOSAICRA | LÁMPARA ELEGANTE CON ILUMINACIÓN GLOW
LAMPS,PETALYN | Barock-inspirierte Tischlampe,PETALYN | LÁMPARA DE MESA INSPIRADA EN EL BARROCO
LAMPS,ROSAVIA | Bunte Lampe im Tiffany-Stil,ROSAVIA | LÁMPARA ESTILO TIFFANY COLORIDA
LAMPS,SOLELIA | Vintage-Glaslampe mit Sonnenblume,SOLELIA | LÁMPARA DE VIDRIO VINTAGE CON GIRASOL
LAMPS,SOLINA | Faszinierende LED-Tischlampe,SOLINA | LÁMPARA DE MESA LED FASCINANTE
LAMPS,TIFFELLE | Elegante Lampe in Libellenform,TIFFELLE | LÁMPARA ELEGANTE EN FORMA DE LIBÉLULA
LAMPS,TULISSE | Handgefertigte Buntglaslampe,"TULISSE | LÁMPARA DE VIDRIO VITRAJADO, HECHA A MANO"
LAMPS,VINTARA | Goldene Fensterlampe,VINTARA | LÁMPARA DE VENTANA DORADA BRILLANTE
NM0053,Kaffeetassen aus Mineralkristall,Tazas de cristal mineral para café
PR3759,BLUEAURA | Blaue Schreibtischlampe mit mystischem Flair,BLUEAURA | Lámpara de escritorio azul con un aire místico
PR3759,COLORSHROOM | Magische Lampe im Pilzdesign,COLORSHROOM | Lámpara mágica con diseño de hongo
PR3759,DEEPGLOW | Maritime Lampe mit Tentakelmotiv,DEEPGLOW | Lámpara marina con motivo de tentáculos
PR3759,GARDENLUXE | Bunte florale Tischlampe,GARDENLUXE | Lámpara de mesa floral colorida
PR3759,PINKGLOW | Rosa Tischlampe mit sanftem Lichteffekt,PINKGLOW | Lámpara de mesa rosa con efecto de luz delicada
PR3759,SHROOMGLOW | Handgefertigte Nachtlampe in Pilzform,SHROOMGLOW | Lámpara de noche artesanal en forma de hongo
PR3759,SNAILGLOW | Schreibtischlampe in Schneckenform,SNAILGLOW | Lámpara de escritorio en forma de caracol
