Ficheiro de origem,Handle a apagar,Titulo
products,handgefertigter-waeschekorb-fruehlingswiese,Handgefertigter Wäschekorb | Frühlingswiese
products,bluebonnet-traumpfad-handgefertigter-waeschekorb,Bluebonnet-Traumpfad | Handgefertigter Wäschekorb
products,bergbach-idylle-handgefertigter-waeschekorb,Bergbach-Idylle | Handgefertigter Wäschekorb
products,sonnenblumentraum-gesteppter-waeschekorb,Sonnenblumentraum | Gesteppter Wäschekorb
products,waeschekorb-baerenspuren-handgefertigt,Wäschekorb Bärenspuren | Handgefertigter Wäschekorb
products,gemuetlicher-waeschekorb-handgefertigt-ol,Gemütlicher Wäschekorb | Handgefertigter Wäschekorb
products,literarischer-garten-handgefertigter-waeschekorb,Literarischer Garten | Handgefertigter Wäschekorb
products,western-spirit-handgefertigter-waeschekorb,Western Spirit | Handgefertigter Wäschekorb
products,bunte-hunde-handgefertigter-waeschekorb,Bunte Hunde | Handgefertigter Wäschekorb
products,glueckliche-hunde-handgefertigter-waeschekorb,Glückliche Hunde | Handgefertigter Wäschekorb
products,kuestenruhe-handgefertigter-waeschekorb,Küstenruhe | Handgefertigter Wäschekorb
products,gemuetlicher-katzenkarneval-handgefertigter-waeschekorb,Gemütlicher Katzenkarneval | Handgefertigter Wäschekorb
products,goldiger-hundezauber-handgefertigter-waeschekorb,Goldiger Hundezauber | Handgefertigter Wäschekorb
products,strahlende-sonne-handgefertigter-waeschekorb,Strahlende Sonne | Handgefertigter Wäschekorb
products,schlaue-katze-handgefertigter-waeschekorb,Schlaue Katze | Handgefertigter Wäschekorb
products,sanfte-meeresgischt-handgefertigter-waeschekorb,Sanfte Meeresgischt | Handgefertigter Wäschekorb
products,wiesen-sonnenstrahl-handgefertigter-waeschekorb,Wiesen-Sonnenstrahl | Handgefertigter Wäschekorb
products,dackelparade-handgefertigter-waeschekorb,Dackelparade | Handgefertigter Wäschekorb
products,king-charles-pullover-handgefertigter-waeschekorb,King-Charles-Pullover | Handgefertigter Wäschekorb
products,baum-des-lebens-handgefertigter-waeschekorb,Baum des Lebens | Handgefertigter Wäschekorb
products,buecherflucht-handgefertigter-waeschekorb,Bücherflucht | Handgefertigter Wäschekorb
products,gesteppter-schildkroeten-waeschekorb-handgefertigt,Gesteppter Schildkröten-Wäschekorb | Handgefertigter Korb
products,handgefertigter-waeschekorb-fruehlingswiese-8x,Handgefertigter Wäschekorb | Frühlingswiese
products,gesteppter-katzen-waeschekorb-handgefertigt,Gesteppter Katzen-Wäschekorb | Handgefertigter Korb
products,handgefertigter-waeschekorb-sonnenblumenbluete,Handgefertigter Wäschekorb | Sonnenblumenblüte
products,handgefertigter-waeschekorb-wiesenlied,Handgefertigter Wäschekorb | Wiesenlied
products,lebensbaum-handgefertigter-waeschekorb,Lebensbaum | Handgefertigter Wäschekorb
products,leuchtende-wiese-handgefertigter-waeschekorb,Leuchtende Wiese | Handgefertigter Wäschekorb
products,bergblick-handgefertigter-waeschekorb,Bergblick | Handgefertigter Wäschekorb
products,handgefertigter-waeschekorb-bluetenpracht,Handgefertigter Wäschekorb Blütenpracht
products,katze-handgefertigter-waeschekorb-nt,Katze | Handgefertigter Wäschekorb
products,maritimes-ambiente-handgefertigter-waeschekorb,Maritimes Ambiente | Handgefertigter Wäschekorb
products,waldkatze-handgefertigter-waeschekorb,Waldkatze | Handgefertigter Wäschekorb
products,gemuetlicher-waeschekorb-handgefertigt,Gemütlicher Wäschekorb | Handgefertigter Wäschekorb
products,gartenkatzen-handgefertigter-waeschekorb,Gartenkatzen | Handgefertigter Wäschekorb
tischlaeufer,gesteppter-tischlaeufer-bluehender-garten,Gesteppter Tischläufer - Blühender Garten
tischlaeufer,gesteppter-tischlaeufer-stille-magnolie,Gesteppter Tischläufer - Stille Magnolie
tischlaeufer,gesteppter-tischlaeufer-sonnenblumengarten,Gesteppter Tischläufer - Sonnenblumengarten
tischlaeufer,gesteppter-tischlaeufer-frangipani-blueten,Gesteppter Tischläufer - Frangipani-Blüten
tischlaeufer,gesteppter-tischlaeufer-herzen-und-rosen,Gesteppter Tischläufer - Herzen und Rosen
tischlaeufer,gesteppter-tischlaeufer-koi-traum,Gesteppter Tischläufer - Koi-Traum
tischlaeufer,gesteppter-tischlaeufer-kuerbiszeit,Gesteppter Tischläufer - Kürbiszeit
tischlaeufer,gesteppter-tischlaeufer-goettliche-gnade,Gesteppter Tischläufer - Göttliche Gnade
tischlaeufer,gesteppter-tischlaeufer-schwarzbaerenfamilie,Gesteppter Tischläufer - Schwarzbärenfamilie
tischlaeufer,gesteppter-tischlaeufer-herbstfuelle,Gesteppter Tischläufer - Herbstfülle
tischlaeufer,gesteppter-tischlaeufer-warme-herzen,Gesteppter Tischläufer - Warme Herzen
tischlaeufer,gesteppter-tischlaeufer-verschneite-kiefernlandschaft,Gesteppter Tischläufer - Verschneite Kiefernlandschaft
tischlaeufer,gesteppter-tischlaeufer-pferdekunst,Gesteppter Tischläufer - Pferdekunst
tischlaeufer,gesteppter-tischlaeufer-stern-von-bethlehem,Gesteppter Tischläufer - Stern von Bethlehem
tischlaeufer,gesteppter-tischlaeufer-festliche-gloeckchen,Gesteppter Tischläufer - Festliche Glöckchen
tischlaeufer,gesteppter-tischlaeufer-bluetenblattpfad,Gesteppter Tischläufer - Blütenblattpfad
tischlaeufer,gesteppter-tischlaeufer-frostiger-pfad,Gesteppter Tischläufer - Frostiger Pfad
tischlaeufer,gesteppter-tischlaeufer-lupinenserenade,Gesteppter Tischläufer - Lupinenserenade
tischlaeufer,gesteppter-tischlaeufer-truthahnrennen,Gesteppter Tischläufer - Truthahnrennen
tischlaeufer,gesteppter-tischlaeufer-kardinalrot,Gesteppter Tischläufer - Kardinalrot
tischlaeufer,gesteppter-tischlaeufer-herbstsonnenblumen,Gesteppter Tischläufer - Herbstsonnenblumen
tischlaeufer,gesteppter-tischlaeufer-gewuerzkuerbis,Gesteppter Tischläufer - Gewürzkürbis
tischlaeufer,gesteppter-tischlaeufer-smaragdwald,Gesteppter Tischläufer - Smaragdwald
tischlaeufer,gesteppter-tischlaeufer-kuerbisparade,Gesteppter Tischläufer - Kürbisparade
tischlaeufer,gesteppter-tischlaeufer-keltischer-baum,Gesteppter Tischläufer - Keltischer Baum
tischlaeufer,gesteppter-tischlaeufer-herzen-in-bluete,Gesteppter Tischläufer - Herzen in Blüte
tischlaeufer,gesteppter-tischlaeufer-herzenkaskade,Gesteppter Tischläufer - Herzenkaskade
tischlaeufer,gesteppter-tischlaeufer-karnevalsmasken,Gesteppter Tischläufer - Karnevalsmasken
tischlaeufer,gesteppter-tischlaeufer-elefantenmarsch,Gesteppter Tischläufer - Elefantenmarsch
tischlaeufer,gesteppter-tischlaeufer-bluetenanmut,Gesteppter Tischläufer - Blütenanmut
tischlaeufer,gesteppter-tischlaeufer-galoppierendes-pferd,Gesteppter Tischläufer - Galoppierendes Pferd
tischlaeufer,gesteppter-tischlaeufer-scharlachrote-fluegel,Gesteppter Tischläufer - Scharlachrote Flügel
tischlaeufer,gesteppter-tischlaeufer-hahnenparade,Gesteppter Tischläufer - Hahnenparade
tischlaeufer,gesteppter-tischlaeufer-arktische-pracht,Gesteppter Tischläufer - Arktische Pracht
tischlaeufer,gesteppter-tischlaeufer-keltischer-geist,Gesteppter Tischläufer - Keltischer Geist
tischlaeufer,gesteppter-tischlaeufer-licht-von-bethlehem,Gesteppter Tischläufer - Licht von Bethlehem
tischlaeufer,gesteppter-tischlaeufer-sternenschoenheit,Gesteppter Tischläufer - Sternenschönheit
tischlaeufer,gesteppter-tischlaeufer-halloween-freude,Gesteppter Tischläufer - Halloween-Freude
tischlaeufer,gesteppter-tischlaeufer-rustikale-magnolienbluete,Gesteppter Tischläufer - Rustikale Magnolienblüte
reisetaschen,joan-handgefertigte-weiche-reisetasche,Joan | Handgefertigte weiche Reisetasche
reisetaschen,grace-handgefertigte-weiche-reisetasche,Grace | Handgefertigte weiche Reisetasche
reisetaschen,elaine-handgefertigte-weiche-reisetasche,Elaine | Handgefertigte weiche Reisetasche
reisetaschen,roxanne-handgefertigte-weiche-reisetasche,Roxanne | Handgefertigte weiche Reisetasche
reisetaschen,courtney-handgefertigte-weiche-reisetasche,Courtney | Handgefertigte weiche Reisetasche
reisetaschen,adelaida-handgefertigte-weiche-reisetasche,Adelaida | Handgefertigte weiche Reisetasche
reisetaschen,shirley-handgefertigte-weiche-reisetasche,Shirley | Handgefertigte weiche Reisetasche
reisetaschen,greta-handgefertigte-weiche-reisetasche,Greta | Handgefertigte weiche Reisetasche
reisetaschen,beverly-handgefertigte-weiche-reisetasche,Beverly | Handgefertigte weiche Reisetasche
reisetaschen,alexandra-handgefertigte-weiche-reisetasche,Alexandra | Handgefertigte weiche Reisetasche
reisetaschen,maizie-handgefertigte-weiche-reisetasche,Maizie | Handgefertigte weiche Reisetasche
reisetaschen,adeline-handgefertigte-weiche-reisetasche,Adeline | Handgefertigte weiche Reisetasche
reisetaschen,ethel-handgefertigte-weiche-reisetasche,Ethel | Handgefertigte weiche Reisetasche
reisetaschen,elise-handgefertigte-weiche-reisetasche,Elise | Handgefertigte weiche Reisetasche
reisetaschen,fe-handgefertigte-weiche-reisetasche,Fe | Handgefertigte weiche Reisetasche
reisetaschen,mabel-handgefertigte-weiche-reisetasche,Mabel | Handgefertigte weiche Reisetasche
reisetaschen,ambar-handgefertigte-weiche-reisetasche,Ámbar | Handgefertigte weiche Reisetasche
reisetaschen,tatiana-handgefertigte-weiche-reisetasche,Tatiana | Handgefertigte weiche Reisetasche
reisetaschen,maisie-handgefertigte-weiche-reisetasche,Maisie | Handgefertigte weiche Reisetasche
reisetaschen,hope-handgefertigte-weiche-reisetasche,Hope | Handgefertigte weiche Reisetasche
reisetaschen,gemma-handgefertigte-weiche-reisetasche,Gemma | Handgefertigte weiche Reisetasche
reisetaschen,martha-handgefertigte-weiche-reisetasche,Martha | Handgefertigte weiche Reisetasche
reisetaschen,macie-handgefertigte-weiche-reisetasche,Macie | Handgefertigte weiche Reisetasche
reisetaschen,catherine-handgefertigte-weiche-reisetasche,Catherine | Handgefertigte weiche Reisetasche
reisetaschen,eloise-handgefertigte-weiche-reisetasche,Eloise | Handgefertigte weiche Reisetasche
reisetaschen,bertha-handgefertigte-weiche-reisetasche,Bertha | Handgefertigte weiche Reisetasche
reisetaschen,janelle-handgefertigte-weiche-reisetasche,Janelle | Handgefertigte weiche Reisetasche
reisetaschen,luella-handgefertigte-weiche-reisetasche,Luella | Handgefertigte weiche Reisetasche
reisetaschen,eliana-handgefertigte-weiche-reisetasche,Eliana | Handgefertigte weiche Reisetasche
reisetaschen,samara-handgefertigte-weiche-reisetasche,Samara | Handgefertigte weiche Reisetasche
reisetaschen,maude-handgefertigte-weiche-reisetasche,Maude | Handgefertigte weiche Reisetasche
reisetaschen,wilma-handgefertigte-weiche-reisetasche,Wilma | Handgefertigte weiche Reisetasche
reisetaschen,rosanna-handgefertigte-weiche-reisetasche,Rosanna | Handgefertigte weiche Reisetasche
reisetaschen,alice-handgefertigte-weiche-reisetasche,Alice | Handgefertigte weiche Reisetasche
reisetaschen,emerson-handgefertigte-weiche-reisetasche,Emerson | Handgefertigte weiche Reisetasche
reisetaschen,celine-handgefertigte-weiche-reisetasche,Celine | Handgefertigte weiche Reisetasche
reisetaschen,clementina-handgefertigte-weiche-reisetasche,Clementina | Handgefertigte weiche Reisetasche
reisetaschen,amity-handgefertigte-weiche-reisetasche,Amity | Handgefertigte weiche Reisetasche
reisetaschen,erica-handgefertigte-weiche-reisetasche,Erica | Handgefertigte weiche Reisetasche
reisetaschen,jazmin-handgefertigte-weiche-reisetasche,Jazmín | Handgefertigte weiche Reisetasche
reisetaschen,callie-handgefertigte-weiche-reisetasche,Callie | Handgefertigte weiche Reisetasche
reisetaschen,fern-handgefertigte-weiche-reisetasche,Fern | Handgefertigte weiche Reisetasche
reisetaschen,estelle-handgefertigte-weiche-reisetasche,Estelle | Handgefertigte weiche Reisetasche
reisetaschen,margot-handgefertigte-weiche-reisetasche,Margot | Handgefertigte weiche Reisetasche
reisetaschen,colette-handgefertigte-weiche-reisetasche,Colette | Handgefertigte weiche Reisetasche
reisetaschen,collins-handgefertigte-weiche-reisetasche,Collins | Handgefertigte weiche Reisetasche
reisetaschen,veronica-handgefertigte-weiche-reisetasche,Veronica | Handgefertigte weiche Reisetasche
reisetaschen,harlow-handgefertigte-weiche-reisetasche,Harlow | Handgefertigte weiche Reisetasche
reisetaschen,colleen-handgefertigte-weiche-reisetasche,Colleen | Handgefertigte weiche Reisetasche
reisetaschen,diane-handgefertigte-weiche-reisetasche,Diane | Handgefertigte weiche Reisetasche
lampen_schmetterling,vitafly-leuchte-mit-mosaikfluegeln,VITAFLY | Leuchte mit Mosaikflügeln
lampen_schmetterling,lumifly-schmetterlingslampe-im-art-deco-stil,LUMIFLY | Schmetterlingslampe im Art-déco-Stil
lampen_schmetterling,colorfly-bunte-schreibtischlampe-mit-schmetterlingsmotiv,COLORFLY | Bunte Schreibtischlampe mit Schmetterlingsmotiv
lampen_schmetterling,butterglow-handgefertigte-glaslampe-mit-schmetterling,BUTTERGLOW | Handgefertigte Glaslampe mit Schmetterling
lampen_schmetterling,sunwing-lampe-mit-gelben-mosaikfluegeln,SUNWING | Lampe mit gelben Mosaikflügeln
lampen_schmetterling,brightwing-lampe-mit-regenbogen-akzent,BRIGHTWING | Lampe mit Regenbogen-Akzent
lampen_deko,snailglow-schreibtischlampe-in-schneckenform,SNAILGLOW | Schreibtischlampe in Schneckenform
lampen_deko,deepglow-maritime-lampe-mit-tentakelmotiv,DEEPGLOW | Maritime Lampe mit Tentakelmotiv
lampen_deko,pinkglow-rosa-tischlampe-mit-sanftem-lichteffekt,PINKGLOW | Rosa Tischlampe mit sanftem Lichteffekt
lampen_deko,colorshroom-magische-lampe-im-pilzdesign,COLORSHROOM | Magische Lampe im Pilzdesign
lampen_deko,gardenluxe-bunte-florale-tischlampe,GARDENLUXE | Bunte florale Tischlampe
lampen_deko,blueaura-blaue-schreibtischlampe-mit-mystischem-flair,BLUEAURA | Blaue Schreibtischlampe mit mystischem Flair
lampen_deko,shroomglow-handgefertigte-nachtlampe-in-pilzform,SHROOMGLOW | Handgefertigte Nachtlampe in Pilzform
tassen,handgefertigte-3d-tasse-eterna,Handgefertigte 3D-Tasse Eterna
tassen,buecherliebhaber-handgefertigte-3d-kaffeetasse,Bücherliebhaber – Handgefertigte 3D-Kaffeetasse
tassen,handgefertigte-tasse-luna,Handgefertigte Tasse Luna
tassen,handgefertigte-zwergen-tasse-mit-3d-buechern,Handgefertigte Zwergen-Tasse mit 3D-Büchern
tassen,handgefertigte-lesetasse-original,Handgefertigte Lesetasse – Original
tassen,handgefertigte-bunte-buchtasse,Handgefertigte bunte Buchtasse
tassen,handgefertigte-tasse-mit-3d-gitarrendesign,Handgefertigte Tasse mit 3D-Gitarrendesign
tassen,kaffeetassen-aus-mineralkristall,Kaffeetassen aus Mineralkristall
tassen,handgefertigte-3d-tasse-hexe-und-katze,Handgefertigte 3D-Tasse – Hexen- und Katzendesign
tassen,handgefertigte-3d-buchtasse-aurora,Handgefertigte 3D-Buchtasse Aurora
restantes50,tiffalight-buntglaslampe-mit-schmetterling,TIFFALIGHT | Buntglaslampe mit Schmetterling
restantes50,solelia-vintage-glaslampe-mit-sonnenblume,SOLELIA | Vintage-Glaslampe mit Sonnenblume
restantes50,azuria-luxus-glaslampe-in-blau,AZURIA | Luxus-Glaslampe in Blau
restantes50,solina-faszinierende-led-tischlampe,SOLINA | Faszinierende LED-Tischlampe
restantes50,petalyn-barock-inspirierte-tischlampe,PETALYN | Barock-inspirierte Tischlampe
restantes50,lumora-vintage-lampe-mit-ozean-leuchten,LUMORA | Vintage-Lampe mit Ozean-Leuchten
restantes50,florina-dekorative-buntglaslampe,FLORINA | Dekorative Buntglaslampe
restantes50,chromia-klassische-bunte-tischlampe,CHROMIA | Klassische bunte Tischlampe
restantes50,rosavia-bunte-lampe-im-tiffany-stil,ROSAVIA | Bunte Lampe im Tiffany-Stil
restantes50,leafora-retro-glaslampe-in-blattform,LEAFORA | Retro-Glaslampe in Blattform
restantes50,vintara-goldene-fensterlampe,VINTARA | Goldene Fensterlampe
restantes50,blushen-klassische-blumenlampe,BLUSHEN | Klassische Blumenlampe
restantes50,tulisse-handgefertigte-buntglaslampe,TULISSE | Handgefertigte Buntglaslampe
restantes50,aurelia-glaslampe-im-alte-welt-stil,AURELIA | Glaslampe im Alte-Welt-Stil
restantes50,ivorya-luxus-tischlampe-im-barockstil,IVORYA | Luxus-Tischlampe im Barockstil
restantes50,florencia-lampe-aus-buntem-hartglas,FLORENCIA | Lampe aus buntem Hartglas
restantes50,tiffelle-elegante-lampe-in-libellenform,TIFFELLE | Elegante Lampe in Libellenform
restantes50,blueris-klassische-lampe-mit-bluetenblatt-schirm,BLUERIS | Klassische Lampe mit Blütenblatt-Schirm
restantes50,mosaicra-elegante-mosaiklampe,MOSAICRA | Elegante Mosaiklampe
restantes50,glasora-klassische-buntglaslampe,GLASORA | Klassische Buntglaslampe
restantes50,aurelia-vintage-tischlampe-im-barockstil,AURELIA | Vintage-Tischlampe im Barockstil
restantes50,jade-handgefertigte-weiche-reisetasche,Jade | Handgefertigte weiche Reisetasche
restantes50,tiffany-handgefertigte-weiche-reisetasche,Tiffany | Handgefertigte weiche Reisetasche
restantes50,oceane-handgefertigte-weiche-reisetasche,Oceane | Handgefertigte weiche Reisetasche
restantes50,minnie-handgefertigte-weiche-reisetasche,Minnie | Handgefertigte weiche Reisetasche
restantes50,adrienne-handgefertigte-weiche-reisetasche,Adrienne | Handgefertigte weiche Reisetasche
restantes50,marlene-handgefertigte-weiche-reisetasche,Marlene | Handgefertigte weiche Reisetasche
restantes50,laurel-handgefertigte-weiche-reisetasche,Laurel | Handgefertigte weiche Reisetasche
restantes50,crystal-handgefertigte-weiche-reisetasche,Crystal | Handgefertigte weiche Reisetasche
restantes50,francesca-handgefertigte-weiche-reisetasche,Francesca | Handgefertigte weiche Reisetasche
restantes50,caridad-handgefertigte-weiche-reisetasche,Caridad | Handgefertigte weiche Reisetasche
restantes50,gladys-handgefertigte-weiche-reisetasche,Gladys | Handgefertigte weiche Reisetasche
restantes50,bianca-handgefertigte-weiche-reisetasche,Bianca | Handgefertigte weiche Reisetasche
restantes50,tessa-handgefertigte-weiche-reisetasche,Tessa | Handgefertigte weiche Reisetasche
restantes50,nerissa-handgefertigte-weiche-reisetasche,Nerissa | Handgefertigte weiche Reisetasche
restantes50,rowan-handgefertigte-weiche-reisetasche,Rowan | Handgefertigte weiche Reisetasche
restantes50,selene-handgefertigte-weiche-reisetasche,Selene | Handgefertigte weiche Reisetasche
restantes50,shannon-handgefertigte-weiche-reisetasche,Shannon | Handgefertigte weiche Reisetasche
restantes50,rowena-handgefertigte-weiche-reisetasche,Rowena | Handgefertigte weiche Reisetasche
restantes50,lucille-handgefertigte-weiche-reisetasche,Lucille | Handgefertigte weiche Reisetasche
restantes50,lyra-handgefertigte-weiche-reisetasche,Lyra | Handgefertigte weiche Reisetasche
restantes50,victoria-handgefertigte-weiche-reisetasche,Victoria | Handgefertigte weiche Reisetasche
restantes50,marta-handgefertigte-weiche-reisetasche,Marta | Handgefertigte weiche Reisetasche
restantes50,monica-handgefertigte-weiche-reisetasche,Monica | Handgefertigte weiche Reisetasche
restantes50,gianna-handgefertigte-weiche-reisetasche,Gianna | Handgefertigte weiche Reisetasche
restantes50,bernice-handgefertigte-weiche-reisetasche,Bernice | Handgefertigte weiche Reisetasche
restantes50,doris-handgefertigte-weiche-reisetasche,Doris | Handgefertigte weiche Reisetasche
restantes50,edna-handgefertigte-weiche-reisetasche,Edna | Handgefertigte weiche Reisetasche
restantes50,gesteppter-tischlaeufer-leuchtende-menora,Gesteppter Tischläufer - Leuchtende Menora
restantes50,zauber-der-highlands-handgefertigter-waeschekorb,Zauber der Highlands | Handgefertigter Wäschekorb
