Colecao,Handle ES (apagar),Titulo actual
cestos de roupa,cesta-de-ropa-hecha-a-mano-pradera-primaveral,Cesta de Ropa Hecha a Mano | Pradera Primaveral
cestos de roupa,camino-de-suenos-de-bluebonnet-cesta-de-ropa-hecha-a-mano,Camino de Sueños de Bluebonnet | Cesta de Ropa Hecha a Mano
cestos de roupa,serenidad-del-arroyo-de-montana-cesta-de-ropa-hecha-a-mano,Serenidad del Arroyo de Montaña | Cesta de Ropa Hecha a Mano
cestos de roupa,sueno-de-girasol-cesta-de-ropa-acolchada,Sueño de Girasol | Cesta de Ropa Acolchada
cestos de roupa,cesta-de-ropa-huellas-de-oso-cesta-de-lavanderia-hecha-a-mano,Cesta de Ropa Huellas de Oso | Cesta de Lavandería Hecha a Mano
cestos de roupa,cesta-de-ropa-acogedora-cesta-de-lavanderia-hecha-a-mano-ol,Cesta de Ropa Acogedora | Cesta de Lavandería Hecha a Mano
cestos de roupa,jardin-literario-cesta-de-ropa-hecha-a-mano,Jardín Literario | Cesta de Ropa Hecha a Mano
cestos de roupa,western-spirit-cesta-de-ropa-hecha-a-mano,Western Spirit | Cesta de Ropa Hecha a Mano
cestos de roupa,perros-coloridos-cesta-de-ropa-hecha-a-mano,Perros Coloridos | Cesta de Ropa Hecha a Mano
cestos de roupa,perros-felices-cesta-de-ropa-hecha-a-mano,Perros Felices | Cesta de Ropa Hecha a Mano
cestos de roupa,calma-costera-cesta-de-ropa-hecha-a-mano,Calma Costera | Cesta de Ropa Hecha a Mano
cestos de roupa,carnaval-de-gatos-acogedor-cesta-de-ropa-hecha-a-mano,Carnaval de Gatos Acogedor | Cesta de Ropa Hecha a Mano
cestos de roupa,encanto-de-perro-dorado-cesta-de-ropa-hecha-a-mano,Encanto de Perro Dorado | Cesta de Ropa Hecha a Mano
cestos de roupa,sol-radiante-cesta-de-ropa-hecha-a-mano,Sol Radiante | Cesta de Ropa Hecha a Mano
cestos de roupa,gato-ingenioso-cesta-de-ropa-hecha-a-mano,Gato Ingenioso | Cesta de Ropa Hecha a Mano
cestos de roupa,espuma-de-mar-suave-cesta-de-ropa-hecha-a-mano,Espuma de Mar Suave | Cesta de Ropa Hecha a Mano
cestos de roupa,sunburst-de-pradera-cesta-de-ropa-hecha-a-mano,Sunburst de Pradera | Cesta de Ropa Hecha a Mano
cestos de roupa,desfile-de-dachshund-cesta-de-ropa-hecha-a-mano,Desfile de Dachshund | Cesta de Ropa Hecha a Mano
cestos de roupa,sueter-rey-carlos-cesta-de-ropa-hecha-a-mano,Suéter Rey Carlos | Cesta de Ropa Hecha a Mano
cestos de roupa,arbol-de-la-vida-cesta-de-ropa-hecha-a-mano,Árbol de la Vida | Cesta de Ropa Hecha a Mano
cestos de roupa,ficcion-escape-cesta-de-ropa-hecha-a-mano,Ficción Escape | Cesta de Ropa Hecha a Mano
cestos de roupa,cesta-acolchada-de-tortuga-cesta-hecha-a-mano,Cesta Acolchada de Tortuga | Cesta Hecha a Mano
cestos de roupa,cesta-de-ropa-hecha-a-mano-pradera-primaveral-8x,Cesta de Ropa Hecha a Mano | Pradera Primaveral
cestos de roupa,cesta-acolchada-para-gatos-cesta-hecha-a-mano,Cesta Acolchada para Gatos | Cesta Hecha a Mano
cestos de roupa,cesta-de-ropa-hecha-a-mano-girasol-en-flor,Cesta de Ropa Hecha a Mano | Girasol en Flor
cestos de roupa,cesta-de-ropa-hecha-a-mano-cancion-del-prado,Cesta de Ropa Hecha a Mano | Canción del Prado
cestos de roupa,arbol-de-la-vida-cesto-de-ropa-hecho-a-mano,Árbol de la Vida | Cesto de Ropa Hecho a Mano
cestos de roupa,pradera-brillante-cesta-de-ropa-hecha-a-mano,Pradera Brillante | Cesta de Ropa Hecha a Mano
cestos de roupa,mountain-view-cesto-de-ropa-hecho-a-mano,Mountain View | Cesto de Ropa Hecho a Mano
cestos de roupa,cesta-de-ropa-hecha-a-mano-bloom-bright,Cesta de Ropa Hecha a Mano Bloom Bright
cestos de roupa,gato-cesta-de-ropa-hecha-a-mano-nt,Gato | Cesta de Ropa Hecha a Mano
cestos de roupa,ambiente-maritimo-cesta-de-ropa-hecha-a-mano,Ambiente Marítimo | Cesta de Ropa Hecha a Mano
cestos de roupa,gato-de-bosque-canasta-de-ropa-hecha-a-mano,Gato de Bosque | Canasta de Ropa Hecha a Mano
cestos de roupa,cesta-de-ropa-acogedora-cesta-de-lavanderia-hecha-a-mano,Cesta de Ropa Acogedora | Cesta de Lavandería Hecha a Mano
cestos de roupa,gatos-de-jardin-cesta-de-ropa-hecha-a-mano,Gatos de Jardín | Cesta de Ropa Hecha a Mano
caminhos de mesa,camino-de-mesa-acolchado-jardin-en-flores,Camino de mesa acolchado - Jardín en Flores
caminhos de mesa,camino-de-mesa-acolchado-magnolia-tranquila,Camino de mesa acolchado - Magnolia Tranquila
caminhos de mesa,camino-de-mesa-acolchado-jardin-de-girasoles,Camino de Mesa Acolchado - Jardín de Girasoles
caminhos de mesa,camino-de-mesa-acolchado-flores-de-frangipani,Camino de Mesa Acolchado - Flores de Frangipani
caminhos de mesa,camino-de-mesa-acolchado-corazones-y-rosas,Camino de Mesa Acolchado - Corazones y Rosas
caminhos de mesa,camino-de-mesa-acolchado-sueno-de-carpas-koi,Camino de Mesa Acolchado - Sueño de Carpas Koï
caminhos de mesa,camino-de-mesa-acolchado-temporada-de-calabazas,Camino de Mesa Acolchado - Temporada de Calabazas
caminhos de mesa,camino-de-mesa-acolchado-gracia-divina,Camino de mesa acolchado - Gracia Divina
caminhos de mesa,camino-de-mesa-acolchado-familia-de-osos-negros,Camino de mesa acolchado - Familia de Osos Negros
caminhos de mesa,camino-de-mesa-acolchado-abundancia-de-otono,Camino de Mesa Acolchado - Abundancia de Otoño
caminhos de mesa,camino-de-mesa-acolchado-corazones-calidos,Camino de Mesa Acolchado - Corazones Cálidos
caminhos de mesa,camino-de-mesa-acolchado-paisaje-de-pinos-nevados,Camino de mesa acolchado - Paisaje de Pinos Nevados
caminhos de mesa,camino-de-mesa-acolchado-arte-ecuestre,Camino de Mesa Acolchado - Arte Ecuestre
caminhos de mesa,camino-de-mesa-acolchado-estrella-de-belen,Camino de mesa acolchado - Estrella de Belén
caminhos de mesa,camino-de-mesa-acolchado-cascabeles-festivos,Camino de Mesa Acolchado - Cascabeles Festivos
caminhos de mesa,camino-de-mesa-acolchado-sendero-de-petalos,Camino de Mesa Acolchado - Sendero de Pétalos
caminhos de mesa,camino-de-mesa-acolchado-camino-helado,Camino de Mesa Acolchado - Camino Helado
caminhos de mesa,camino-de-mesa-acolchado-serenata-de-lupinos,Camino de Mesa Acolchado - Serenata de Lupinos
caminhos de mesa,camino-de-mesa-acolchado-carrera-de-pavos,Camino de Mesa Acolchado - Carrera de Pavos
caminhos de mesa,camino-de-mesa-acolchado-rojo-cardenal,Camino de Mesa Acolchado - Rojo Cardenal
caminhos de mesa,camino-de-mesa-acolchado-girasoles-de-otono,Camino de mesa acolchado - Girasoles de Otoño
caminhos de mesa,camino-de-mesa-acolchado-calabaza-especiada,Camino de Mesa Acolchado - Calabaza Especiada
caminhos de mesa,camino-de-mesa-acolchado-bosque-de-esmeralda,Camino de Mesa Acolchado - Bosque de Esmeralda
caminhos de mesa,camino-de-mesa-acolchado-desfile-de-calabazas,Camino de mesa acolchado - Desfile de Calabazas
caminhos de mesa,camino-de-mesa-acolchado-arbol-celta,Camino de mesa acolchado - Árbol Celta
caminhos de mesa,camino-de-mesa-acolchado-corazones-en-flor,Camino de mesa acolchado - Corazones en Flor
caminhos de mesa,camino-de-mesa-acolchado-cascada-de-corazones,Camino de Mesa Acolchado - Cascada de Corazones
caminhos de mesa,camino-de-mesa-acolchado-mascaras-de-carnaval,Camino de Mesa Acolchado - Máscaras de Carnaval
caminhos de mesa,camino-de-mesa-acolchado-marcha-de-los-elefantes,Camino de Mesa Acolchado - Marcha de los Elefantes
caminhos de mesa,camino-de-mesa-acolchado-gracia-en-flores,Camino de mesa acolchado - Gracia en Flores
caminhos de mesa,camino-de-mesa-acolchado-caballo-al-galope,Camino de Mesa Acolchado - Caballo al Galope
caminhos de mesa,camino-de-mesa-acolchado-alas-escarlatas,Camino de Mesa Acolchado - Alas Escarlatas
caminhos de mesa,camino-de-mesa-acolchado-desfile-de-gallos,Camino de Mesa Acolchado - Desfile de Gallos
caminhos de mesa,camino-de-mesa-acolchado-esplendor-artico,Camino de mesa acolchado - Esplendor Ártico
caminhos de mesa,camino-de-mesa-acolchado-espiritu-celta,Camino de mesa acolchado - Espíritu Celta
caminhos de mesa,camino-de-mesa-acolchado-luz-de-belen,Camino de mesa acolchado - Luz de Belén
caminhos de mesa,camino-de-mesa-acolchado-belleza-estrellada,Camino de mesa acolchado - Belleza Estrellada
caminhos de mesa,camino-de-mesa-acolchado-alegria-de-halloween,Camino de mesa acolchado - Alegría de Halloween
caminhos de mesa,camino-de-mesa-acolchado-flor-de-magnolia-rustica,Camino de mesa acolchado - Flor de Magnolia Rústica
bolsas de viagem,joan-bolsa-de-viaje-suave-hecha-a-mano,Joan | Bolsa de Viaje Suave Hecha a Mano
bolsas de viagem,grace-bolsa-de-viaje-suave-hecha-a-mano,Grace | Bolsa de Viaje Suave Hecha a Mano
bolsas de viagem,elaine-bolsa-de-viaje-suave-hecha-a-mano,Elaine | Bolsa de Viaje Suave Hecha a Mano
bolsas de viagem,roxanne-bolsa-de-viaje-suave-hecha-a-mano,Roxanne | Bolsa de Viaje Suave Hecha a Mano
bolsas de viagem,courtney-bolsa-de-viaje-suave-hecha-a-mano,Courtney | Bolsa de Viaje Suave Hecha a Mano
bolsas de viagem,adelaida-bolsa-de-viaje-suave-hecha-a-mano,Adelaida | Bolsa de Viaje Suave Hecha a Mano
bolsas de viagem,shirley-bolsa-de-viaje-suave-hecha-a-mano,Shirley | Bolsa de Viaje Suave Hecha a Mano
bolsas de viagem,greta-bolsa-de-viaje-suave-hecha-a-mano,Greta | Bolsa de Viaje Suave Hecha a Mano
bolsas de viagem,beverly-bolsa-de-viaje-suave-hecha-a-mano,Beverly | Bolsa de Viaje Suave Hecha a Mano
bolsas de viagem,alexandra-bolsa-de-viaje-suave-hecha-a-mano,Alexandra | Bolsa de Viaje Suave Hecha a Mano
bolsas de viagem,maizie-bolsa-de-viaje-suave-hecha-a-mano,Maizie | Bolsa de Viaje Suave Hecha a Mano
bolsas de viagem,adeline-bolsa-de-viaje-suave-hecha-a-mano,Adeline | Bolsa de Viaje Suave Hecha a Mano
bolsas de viagem,ethel-bolsa-de-viaje-suave-hecha-a-mano,Ethel | Bolsa de Viaje Suave Hecha a Mano
bolsas de viagem,elise-bolsa-de-viaje-suave-hecha-a-mano,Elise | Bolsa de Viaje Suave Hecha a Mano
bolsas de viagem,fe-bolsa-de-viaje-suave-hecha-a-mano,Fe | Bolsa de Viaje Suave Hecha a Mano
bolsas de viagem,mabel-bolsa-de-viaje-suave-hecha-a-mano,Mabel | Bolsa de Viaje Suave Hecha a Mano
bolsas de viagem,ambar-bolsa-de-viaje-suave-hecha-a-mano,Ámbar | Bolsa de Viaje Suave Hecha a Mano
bolsas de viagem,tatiana-bolsa-de-viaje-suave-hecha-a-mano,Tatiana | Bolsa de Viaje Suave Hecha a Mano
bolsas de viagem,maisie-bolsa-de-viaje-suave-hecha-a-mano,Maisie | Bolsa de Viaje Suave Hecha a Mano
bolsas de viagem,hope-bolsa-de-viaje-suave-hecha-a-mano,Hope | Bolsa de Viaje Suave Hecha a Mano
bolsas de viagem,gemma-bolsa-de-viaje-suave-hecha-a-mano,Gemma | Bolsa de Viaje Suave Hecha a Mano
bolsas de viagem,martha-bolsa-de-viaje-suave-hecha-a-mano,Martha | Bolsa de Viaje Suave Hecha a Mano
bolsas de viagem,macie-bolsa-de-viaje-suave-hecha-a-mano,Macie | Bolsa de Viaje Suave Hecha a Mano
bolsas de viagem,catherine-bolsa-de-viaje-suave-hecha-a-mano,Catherine | Bolsa de Viaje Suave Hecha a Mano
bolsas de viagem,eloise-bolsa-de-viaje-suave-hecha-a-mano,Eloise | Bolsa de Viaje Suave Hecha a Mano
bolsas de viagem,bertha-bolsa-de-viaje-suave-hecha-a-mano,Bertha | Bolsa de Viaje Suave Hecha a Mano
bolsas de viagem,janelle-bolsa-de-viaje-suave-hecha-a-mano,Janelle | Bolsa de Viaje Suave Hecha a Mano
bolsas de viagem,luella-bolsa-de-viaje-suave-hecha-a-mano,Luella | Bolsa de Viaje Suave Hecha a Mano
bolsas de viagem,eliana-bolsa-de-viaje-suave-hecha-a-mano,Eliana | Bolsa de Viaje Suave Hecha a Mano
bolsas de viagem,samara-bolsa-de-viaje-suave-hecha-a-mano,Samara | Bolsa de Viaje Suave Hecha a Mano
bolsas de viagem,maude-bolsa-de-viaje-suave-hecha-a-mano,Maude | Bolsa de Viaje Suave Hecha a Mano
bolsas de viagem,wilma-bolsa-de-viaje-suave-hecha-a-mano,Wilma | Bolsa de Viaje Suave Hecha a Mano
bolsas de viagem,rosanna-bolsa-de-viaje-suave-hecha-a-mano,Rosanna | Bolsa de Viaje Suave Hecha a Mano
bolsas de viagem,alice-bolsa-de-viaje-suave-hecha-a-mano,Alice | Bolsa de Viaje Suave Hecha a Mano
bolsas de viagem,emerson-bolsa-de-viaje-suave-hecha-a-mano,Emerson | Bolsa de Viaje Suave Hecha a Mano
bolsas de viagem,celine-bolsa-de-viaje-suave-hecha-a-mano,Celine | Bolsa de Viaje Suave Hecha a Mano
bolsas de viagem,clementina-bolsa-de-viaje-suave-hecha-a-mano,Clementina | Bolsa de Viaje Suave Hecha a Mano
bolsas de viagem,amity-bolsa-de-viaje-suave-hecha-a-mano,Amity | Bolsa de Viaje Suave Hecha a Mano
bolsas de viagem,erica-bolsa-de-viaje-suave-hecha-a-mano,Erica | Bolsa de Viaje Suave Hecha a Mano
bolsas de viagem,jazmin-bolsa-de-viaje-suave-hecha-a-mano,Jazmín | Bolsa de Viaje Suave Hecha a Mano
bolsas de viagem,callie-bolsa-de-viaje-suave-hecha-a-mano,Callie | Bolsa de Viaje Suave Hecha a Mano
bolsas de viagem,fern-bolsa-de-viaje-suave-hecha-a-mano,Fern | Bolsa de Viaje Suave Hecha a Mano
bolsas de viagem,estelle-bolsa-de-viaje-suave-hecha-a-mano,Estelle | Bolsa de Viaje Suave Hecha a Mano
bolsas de viagem,margot-bolsa-de-viaje-suave-hecha-a-mano,Margot | Bolsa de Viaje Suave Hecha a Mano
bolsas de viagem,colette-bolsa-de-viaje-suave-hecha-a-mano,Colette | Bolsa de Viaje Suave Hecha a Mano
bolsas de viagem,collins-bolsa-de-viaje-suave-hecha-a-mano,Collins | Bolsa de Viaje Suave Hecha a Mano
bolsas de viagem,veronica-bolsa-de-viaje-suave-hecha-a-mano,Veronica | Bolsa de Viaje Suave Hecha a Mano
bolsas de viagem,harlow-bolsa-de-viaje-suave-hecha-a-mano,Harlow | Bolsa de Viaje Suave Hecha a Mano
bolsas de viagem,colleen-bolsa-de-viaje-suave-hecha-a-mano,Colleen | Bolsa de Viaje Suave Hecha a Mano
bolsas de viagem,diane-bolsa-de-viaje-suave-hecha-a-mano,Diane | Bolsa de Viaje Suave Hecha a Mano
lampadas borboleta,vitafly-lampara-de-iluminacion-con-alas-de-mosaico,VITAFLY | Lámpara de iluminación con alas de mosaico
lampadas borboleta,lumifly-lampara-con-motivo-de-mariposa-en-estilo-art-deco,LUMIFLY | Lámpara con motivo de mariposa en estilo Art Deco
lampadas borboleta,colorfly-lampara-de-escritorio-colorida-con-motivo-de-mariposa,COLORFLY | Lámpara de escritorio colorida con motivo de mariposa
lampadas borboleta,butterglow-lampara-de-vidrio-hecha-a-mano-con-mariposa,BUTTERGLOW | Lámpara de vidrio hecha a mano con mariposa
lampadas borboleta,sunwing-lampara-con-alas-de-mosaico-amarillo,SUNWING | Lámpara con alas de mosaico amarillo
lampadas borboleta,brightwing-lampara-con-acento-de-arcoiris,BRIGHTWING | Lámpara con acento de arcoíris
lampadas deco,snailglow-lampara-de-escritorio-en-forma-de-caracol,SNAILGLOW | Lámpara de escritorio en forma de caracol
lampadas deco,deepglow-lampara-marina-con-motivo-de-tentaculos,DEEPGLOW | Lámpara marina con motivo de tentáculos
lampadas deco,pinkglow-lampara-de-mesa-rosa-con-efecto-de-luz-delicada,PINKGLOW | Lámpara de mesa rosa con efecto de luz delicada
lampadas deco,colorshroom-lampara-magica-con-diseno-de-hongo,COLORSHROOM | Lámpara mágica con diseño de hongo
lampadas deco,gardenluxe-lampara-de-mesa-floral-colorida,GARDENLUXE | Lámpara de mesa floral colorida
lampadas deco,blueaura-lampara-de-escritorio-azul-con-un-aire-mistico,BLUEAURA | Lámpara de escritorio azul con un aire místico
lampadas deco,shroomglow-lampara-de-noche-artesanal-en-forma-de-hongo,SHROOMGLOW | Lámpara de noche artesanal en forma de hongo
canecas,handcrafted-eterna-cup-set-of-3,Taza Eterna 3D hecha a mano
canecas,mug-book,Amante de los Libros – Taza de café 3D hecha a mano
canecas,artisan-crafted-luna-cup,Taza artesanal Luna
canecas,handcrafted-dwarf-mug-for-3-books,Taza de enano hecha a mano para libros en 3D
canecas,taza-libro,Taza de lectura hecha a mano - Original
canecas,handcrafted-colorful-book-mug,Taza de Libro Colorida Hecha a Mano
canecas,handcrafted-mug-featuring-3-guitar-designs,Taza artesanal con diseños de guitarra en 3D
canecas,coffe-cups,Tazas de cristal mineral para café
canecas,halloween-mug,Taza 3D hecha a mano – Diseño de bruja y gato
canecas,handcrafted-aurora-3-book-mug,Taza de Libro Aurora 3D Hecho a Mano
