Handle,Titulo,Type,Tags,Variant Price,Compare At
tiffalight-lampara-de-mariposa-de-vitral,TIFFALIGHT | Lámpara de mariposa de vitral,Handmade Butterfly Lamps,PR3760,94.95,198.95
solelia-lampara-de-vidrio-vintage-con-girasol,SOLELIA | LÁMPARA DE VIDRIO VINTAGE CON GIRASOL,,LAMPS,94.95,239.95
azuria-lampara-de-vidrio-azul-lujoso,AZURIA | LÁMPARA DE VIDRIO AZUL LUJOSO,,LAMPS,94.95,239.95
solina-lampara-de-mesa-led-fascinante,SOLINA | LÁMPARA DE MESA LED FASCINANTE,,LAMPS,94.95,239.95
petalyn-lampara-de-mesa-inspirada-en-el-barroco,PETALYN | LÁMPARA DE MESA INSPIRADA EN EL BARROCO,,LAMPS,94.95,239.95
lumora-lampara-vintage-con-brillo-oceanico,LUMORA | LÁMPARA VINTAGE CON BRILLO OCEÁNICO,,LAMPS,94.95,239.95
florina-lampara-decorativa-de-vidrio-coloreado,FLORINA | LÁMPARA DECORATIVA DE VIDRIO COLOREADO,,LAMPS,94.95,239.95
chromia-lampara-de-mesa-clasica-colorida,CHROMIA | LÁMPARA DE MESA CLÁSICA COLORIDA,,LAMPS,94.95,239.95
rosavia-lampara-estilo-tiffany-colorida,ROSAVIA | LÁMPARA ESTILO TIFFANY COLORIDA,,LAMPS,94.95,239.95
leafora-lampara-de-vidrio-retro-en-forma-de-hoja,LEAFORA | LÁMPARA DE VIDRIO RETRO EN FORMA DE HOJA,,LAMPS,94.95,239.95
vintara-lampara-de-ventana-dorada-brillante,VINTARA | LÁMPARA DE VENTANA DORADA BRILLANTE,,LAMPS,94.95,239.95
blushen-lampara-glow-clasica-con-flores,BLUSHEN | LÁMPARA GLOW CLÁSICA CON FLORES,,LAMPS,94.95,239.95
tulisse-lampara-de-vidrio-vitrajado-hecha-a-mano,"TULISSE | LÁMPARA DE VIDRIO VITRAJADO, HECHA A MANO",,LAMPS,94.95,239.95
aurelia-lampara-de-vidrio-del-mundo-antiguo,AURELIA | LÁMPARA DE VIDRIO DEL MUNDO ANTIGUO,,LAMPS,94.95,239.95
ivorya-lampara-de-mesa-barroca-luxuosa,IVORYA | LÁMPARA DE MESA BARROCA LUXUOSA,,LAMPS,94.95,239.95
florencia-lampara-de-vidrio-templado-colorido,FLORENCIA | LÁMPARA DE VIDRIO TEMPLADO COLORIDO,,LAMPS,94.95,239.95
tiffelle-lampara-elegante-en-forma-de-libelula,TIFFELLE | LÁMPARA ELEGANTE EN FORMA DE LIBÉLULA,,LAMPS,94.95,239.95
blueris-lampara-clasica-con-sombrero-en-forma-de-petalo,BLUERIS | LÁMPARA CLÁSICA CON SOMBRERO EN FORMA DE PÉTALO,,LAMPS,94.95,239.95
mosaicra-lampara-elegante-con-iluminacion-glow,MOSAICRA | LÁMPARA ELEGANTE CON ILUMINACIÓN GLOW,,LAMPS,94.95,239.95
glasora-lampara-clasica-de-vitrales,GLASORA | LÁMPARA CLÁSICA DE VITRALES,,LAMPS,94.95,239.95
aurelia-lampara-de-mesa-vintage-barroca,AURELIA | LÁMPARA DE MESA VINTAGE BARROCA,,LAMPS,94.95,239.95
jade-bolsa-de-viaje-suave-hecha-a-mano,Jade | Bolsa de Viaje Suave Hecha a Mano,Bags,,39.95,134.99
tiffany-bolsa-de-viaje-suave-hecha-a-mano,Tiffany | Bolsa de Viaje Suave Hecha a Mano,bag,,39.95,134.99
oceane-bolsa-de-viaje-suave-hecha-a-mano,Oceane | Bolsa de Viaje Suave Hecha a Mano,bag,,39.95,134.99
minnie-bolsa-de-viaje-suave-hecha-a-mano,Minnie | Bolsa de Viaje Suave Hecha a Mano,bag,,39.95,134.99
adrienne-bolsa-de-viaje-suave-hecha-a-mano,Adrienne | Bolsa de Viaje Suave Hecha a Mano,bag,,39.95,134.99
marlene-bolsa-de-viaje-suave-hecha-a-mano,Marlene | Bolsa de Viaje Suave Hecha a Mano,bag,,39.95,134.99
laurel-bolsa-de-viaje-suave-hecha-a-mano,Laurel | Bolsa de Viaje Suave Hecha a Mano,bag,,39.95,134.99
crystal-bolsa-de-viaje-suave-hecha-a-mano,Crystal | Bolsa de Viaje Suave Hecha a Mano,bag,,39.95,134.99
francesca-bolsa-de-viaje-suave-hecha-a-mano,Francesca | Bolsa de Viaje Suave Hecha a Mano,Bags,,39.95,134.99
caridad-bolsa-de-viaje-suave-hecha-a-mano,Caridad | Bolsa de Viaje Suave Hecha a Mano,Bags,,39.95,134.99
gladys-bolsa-de-viaje-suave-hecha-a-mano,Gladys | Bolsa de Viaje Suave Hecha a Mano,bag,,39.95,134.99
bianca-bolsa-de-viaje-suave-hecha-a-mano,Bianca | Bolsa de Viaje Suave Hecha a Mano,bag,,39.95,134.99
tessa-bolsa-de-viaje-suave-hecha-a-mano,Tessa | Bolsa de Viaje Suave Hecha a Mano,Bags,,39.95,134.99
nerissa-bolsa-de-viaje-suave-hecha-a-mano,Nerissa | Bolsa de Viaje Suave Hecha a Mano,bag,,39.95,134.99
rowan-bolsa-de-viaje-suave-hecha-a-mano,Rowan | Bolsa de Viaje Suave Hecha a Mano,bag,,39.95,134.99
selene-bolsa-de-viaje-suave-hecha-a-mano,Selene | Bolsa de Viaje Suave Hecha a Mano,bag,,39.95,134.99
shannon-bolsa-de-viaje-suave-hecha-a-mano,Shannon | Bolsa de Viaje Suave Hecha a Mano,bag,,39.95,134.99
rowena-bolsa-de-viaje-suave-hecha-a-mano,Rowena | Bolsa de Viaje Suave Hecha a Mano,bag,,39.95,134.99
lucille-bolsa-de-viaje-suave-hecha-a-mano,Lucille | Bolsa de Viaje Suave Hecha a Mano,bag,,39.95,134.99
lyra-bolsa-de-viaje-suave-hecha-a-mano,Lyra | Bolsa de Viaje Suave Hecha a Mano,bag,,39.95,134.99
victoria-bolsa-de-viaje-suave-hecha-a-mano,Victoria | Bolsa de Viaje Suave Hecha a Mano,bag,,39.95,134.99
marta-bolsa-de-viaje-suave-hecha-a-mano,Marta | Bolsa de Viaje Suave Hecha a Mano,Bags,,39.95,134.99
monica-bolsa-de-viaje-suave-hecha-a-mano,Monica | Bolsa de Viaje Suave Hecha a Mano,bag,,39.95,134.99
gianna-bolsa-de-viaje-suave-hecha-a-mano,Gianna | Bolsa de Viaje Suave Hecha a Mano,bag,,39.95,134.99
bernice-bolsa-de-viaje-suave-hecha-a-mano,Bernice | Bolsa de Viaje Suave Hecha a Mano,bag,,34.99,114.99
doris-bolsa-de-viaje-suave-hecha-a-mano,Doris | Bolsa de Viaje Suave Hecha a Mano,bag,,39.95,134.99
edna-bolsa-de-viaje-suave-hecha-a-mano,Edna | Bolsa de Viaje Suave Hecha a Mano,bag,,34.95,114.99
camino-de-mesa-acolchado-menorah-iluminada,Camino de Mesa Acolchado - Menorah Iluminada,,Mantelería,39.95,134.95
encanto-de-las-tierras-altas-cesta-de-ropa-hecha-a-mano,Encanto de las Tierras Altas | Cesta de Ropa Hecha a Mano,Quilted Laundry Basket,"ARND036, Cow, Farm, Highland Cow, Nocustom, Quilted Laundry Basket",39.95,134.99
